{
  "eng": 0.06243742385800248,
  "cmn": 0.5150419654898024,
  "arb": 0.04457776295508194,
  "hin": 0.10439301122779633,
  "spa": 0.038869384674079764,
  "fra": 0.06825557489510858,
  "deu": 0.08310572916756422,
  "jpn": 0.09795531754566021,
  "urd": 0.07796026809001431,
  "srp": 0.1803608481583159,
  "hrv": 0.06096421716191574,
  "ind": 0.04337464362434809,
  "msa": 0.05014126745581812,
  "nob": 0.06842942755272638,
  "dan": 0.08517574835257598,
  "ces": 0.07914144651089722,
  "slk": 0.07105690357112548,
  "por": 0.043000879900673715,
  "yor": 0.5128288286767547,
  "swh": 0.11398175216924213,
  "amh": 1.1162000733479391,
  "cym": 0.1576269426102206,
  "jav": 0.22807621781442275,
  "kat": 0.3985292753014465,
  "mon": 0.32789010386398176,
  "nep": 0.2598674548803877,
  "lao": 1.0106754359554018,
  "hau": 0.3081291200440642,
  "overall": 0.221715965173406
}