{
  "eng": 0.06243742385800248,
  "cmn": 0.5150419654898024,
  "arb": 0.04457776295508194,
  "hin": 0.2961465617720878,
  "spa": 0.038869384674079764,
  "fra": 0.06825557489510858,
  "deu": 0.08310572916756422,
  "jpn": 0.09795531754566021,
  "urd": 0.4217423800136863,
  "srp": 0.15201067898722795,
  "hrv": 0.06096421716191574,
  "ind": 0.04337464362434809,
  "msa": 0.05148278426721242,
  "nob": 0.06842942755272638,
  "dan": 0.08517574835257598,
  "ces": 0.07914144651089722,
  "slk": 0.07105690357112548,
  "por": 0.043000879900673715,
  "yor": 0.5128288286767547,
  "swh": 0.1339817521692421,
  "amh": 1.2295317482570245,
  "cym": 0.16096027594355392,
  "jav": 0.2868380758735221,
  "kat": 0.425349198673094,
  "mon": 0.343518776014393,
  "nep": 0.26174011405641767,
  "lao": 0.9995640904421629,
  "hau": 0.46576036974565266,
  "overall": 0.2536729307196998,
  "whisper_lid_accuracy": 0.8202380952380952
}