{
  "eng": 0.05401192713084581,
  "cmn": 0.6094337198094654,
  "arb": 0.060844603985530196,
  "hin": 0.2155026240140657,
  "spa": 0.018744395092201594,
  "fra": 0.052297594893139204,
  "deu": 0.027889997928794225,
  "jpn": 0.2511450111261368,
  "urd": 0.25432447221572274,
  "srp": 0.6694701404219324,
  "hrv": 0.02824260494937041,
  "ind": 0.022649269703356747,
  "msa": 0.03745595633936552,
  "nob": 0.049930964869419454,
  "dan": 0.06906980146911187,
  "ces": 0.035586662036725954,
  "slk": 0.035917832381456176,
  "por": 0.03590223473917464,
  "yor": 0.18049504621331236,
  "swh": 0.03462445186230455,
  "amh": 0.08840829712702583,
  "cym": 0.11116143914618572,
  "jav": 0.04358088429426877,
  "kat": 0.04695464520888595,
  "mon": 0.07020720162105168,
  "nep": 0.08555649110207802,
  "lao": 0.44786084948949934,
  "hau": 0.06522907552743869,
  "overall": 0.13223207838206663,
  "mms_lid_accuracy": 0.8726190476190476
}