{
  "eng": 0.06243742385800248,
  "cmn": 0.5150419654898024,
  "arb": 0.04457776295508194,
  "hin": 0.1415091610296546,
  "spa": 0.038869384674079764,
  "fra": 0.06825557489510858,
  "deu": 0.07946344536004811,
  "jpn": 0.09795531754566021,
  "urd": 0.5950600400426445,
  "srp": 0.13755935134425945,
  "hrv": 0.055663328950925614,
  "ind": 0.041527315398710976,
  "msa": 0.05347277013715271,
  "nob": 0.07087550823833627,
  "dan": 0.08517574835257598,
  "ces": 0.11186881156174601,
  "slk": 0.07105690357112548,
  "por": 0.043000879900673715,
  "yor": 0.5128288286767547,
  "swh": 0.11398175216924213,
  "amh": 1.1162000733479391,
  "cym": 0.13388463559147487,
  "jav": 0.2889718083774723,
  "kat": 0.3985292753014465,
  "mon": 0.32789010386398176,
  "nep": 0.2598674548803877,
  "lao": 1.0006462168909844,
  "hau": 0.3081291200440642,
  "overall": 0.23731963931894315,
  "sb_lid_accuracy": 0.8928571428571429
}