{
  "generated_at": "2026-04-21T12:17:05.424081",
  "phase_0_normalization": {
    "description": "Phase 0: CJK space removal, Traditional→Simplified conversion, case+punct normalization",
    "cjk_langs_treated": [
      "mya",
      "tha",
      "lao",
      "cmn",
      "khm",
      "jpn",
      "yue"
    ],
    "opencc_available": true
  },
  "systems": {
    "A6_learned_old": {
      "cer_raw": 0.21098749519122173,
      "cer_norm": 0.1809136140166778,
      "wer_norm": 0.3241133168515439,
      "per_language": {
        "amh": {
          "cer": 0.4910738694595524,
          "wer": 0.8505636572803532
        },
        "arb": {
          "cer": 0.061615977221068055,
          "wer": 0.22622626546574984
        },
        "ces": {
          "cer": 0.0362980687766906,
          "wer": 0.1271170999561319
        },
        "cmn": {
          "cer": 0.07622025082210278,
          "wer": 0.07622025082210278
        },
        "cym": {
          "cer": 0.12519443776414588,
          "wer": 0.32748486424516265
        },
        "dan": {
          "cer": 0.056777154272234044,
          "wer": 0.16349160371337193
        },
        "deu": {
          "cer": 0.018333167179556357,
          "wer": 0.05314678065920037
        },
        "eng": {
          "cer": 0.05265950972597119,
          "wer": 0.09627091045221182
        },
        "fra": {
          "cer": 0.03972686412975251,
          "wer": 0.09528855913945901
        },
        "hau": {
          "cer": 0.06927166517310164,
          "wer": 0.2461393592507109
        },
        "hin": {
          "cer": 0.224678336781473,
          "wer": 0.40140841385292353
        },
        "hrv": {
          "cer": 0.036635432629862665,
          "wer": 0.13749097816646086
        },
        "ind": {
          "cer": 0.02531379034435403,
          "wer": 0.08167975409332479
        },
        "jav": {
          "cer": 0.05131998336575024,
          "wer": 0.20469967300036204
        },
        "jpn": {
          "cer": 0.06336790941454713,
          "wer": 0.06336790941454713
        },
        "kat": {
          "cer": 0.409527682394938,
          "wer": 0.7648724605923085
        },
        "lao": {
          "cer": 0.9524424256584209,
          "wer": 0.9524424256584209
        },
        "mon": {
          "cer": 0.3135689831213237,
          "wer": 0.8112291979921653
        },
        "msa": {
          "cer": 0.05729133966794152,
          "wer": 0.13809033632227397
        },
        "nep": {
          "cer": 0.11554319929219736,
          "wer": 0.38840758531513814
        },
        "nob": {
          "cer": 0.03185508947978428,
          "wer": 0.0822192862853765
        },
        "por": {
          "cer": 0.020428694783570674,
          "wer": 0.06345826540958176
        },
        "slk": {
          "cer": 0.03678858654878984,
          "wer": 0.1303206029624367
        },
        "spa": {
          "cer": 0.012259371495159873,
          "wer": 0.031285940999068076
        },
        "srp": {
          "cer": 0.6165947496041049,
          "wer": 0.6738204945570673
        },
        "swh": {
          "cer": 0.1651961655556158,
          "wer": 0.3743229574767712
        },
        "urd": {
          "cer": 0.4247987193249803,
          "wer": 0.5053370024827771
        },
        "yor": {
          "cer": 0.48079976847998823,
          "wer": 1.0087702362777713
        }
      }
    },
    "step8_track3_learned": {
      "cer_raw": 0.12192800118063708,
      "cer_norm": 0.10938060015745477,
      "wer_norm": 0.24454519173593897,
      "per_language": {
        "amh": {
          "cer": 0.10073833215941531,
          "wer": 0.3438951332033621
        },
        "arb": {
          "cer": 0.054970353117760835,
          "wer": 0.18552565773727833
        },
        "ces": {
          "cer": 0.06543071460962765,
          "wer": 0.177750111485913
        },
        "cmn": {
          "cer": 0.07622025082210278,
          "wer": 0.07622025082210278
        },
        "cym": {
          "cer": 0.12340563008705366,
          "wer": 0.3648959050840126
        },
        "dan": {
          "cer": 0.07844223091280998,
          "wer": 0.2526152460595739
        },
        "deu": {
          "cer": 0.04863173411021172,
          "wer": 0.10928225457595953
        },
        "eng": {
          "cer": 0.09810486210627808,
          "wer": 0.176883130041692
        },
        "fra": {
          "cer": 0.06985406180504647,
          "wer": 0.18350422517399498
        },
        "hau": {
          "cer": 0.06927166517310164,
          "wer": 0.2461393592507109
        },
        "hin": {
          "cer": 0.2005076301745844,
          "wer": 0.3753369852814949
        },
        "hrv": {
          "cer": 0.0778705923270093,
          "wer": 0.28554523364391654
        },
        "ind": {
          "cer": 0.02694272425419919,
          "wer": 0.09427852571579662
        },
        "jav": {
          "cer": 0.0486744807202476,
          "wer": 0.20099596929665836
        },
        "jpn": {
          "cer": 0.06336790941454713,
          "wer": 0.06336790941454713
        },
        "kat": {
          "cer": 0.057168274920321026,
          "wer": 0.2904886265128559
        },
        "lao": {
          "cer": 0.19052512834330176,
          "wer": 0.19052512834330176
        },
        "mon": {
          "cer": 0.08463699638084501,
          "wer": 0.33621576639539463
        },
        "msa": {
          "cer": 0.04351854616115241,
          "wer": 0.17519164740477536
        },
        "nep": {
          "cer": 0.1206714044204025,
          "wer": 0.41871061561816847
        },
        "nob": {
          "cer": 0.055007774391251305,
          "wer": 0.1820898942669537
        },
        "por": {
          "cer": 0.06146050326491166,
          "wer": 0.17793137411350365
        },
        "slk": {
          "cer": 0.0358414154475717,
          "wer": 0.11275684542205457
        },
        "spa": {
          "cer": 0.02829172858308088,
          "wer": 0.07428160572722955
        },
        "srp": {
          "cer": 0.48923690939090103,
          "wer": 0.5522882457601127
        },
        "swh": {
          "cer": 0.08231010702466937,
          "wer": 0.17369600012031944
        },
        "urd": {
          "cer": 0.4262230593256312,
          "wer": 0.5156018453241888
        },
        "yor": {
          "cer": 0.18533178496069766,
          "wer": 0.5112518768104184
        }
      }
    },
    "step8_track3_rules": {
      "cer_raw": 0.12835950576783062,
      "cer_norm": 0.11589084670821041,
      "wer_norm": 0.24322669654308424,
      "per_language": {
        "amh": {
          "cer": 0.10073833215941531,
          "wer": 0.3438951332033621
        },
        "arb": {
          "cer": 0.05824044979490772,
          "wer": 0.21569994967627615
        },
        "ces": {
          "cer": 0.05029843947735253,
          "wer": 0.15271356177831066
        },
        "cmn": {
          "cer": 0.2766401753277755,
          "wer": 0.2766401753277755
        },
        "cym": {
          "cer": 0.12499293167435524,
          "wer": 0.3648959050840126
        },
        "dan": {
          "cer": 0.07418174808225717,
          "wer": 0.24228726031982348
        },
        "deu": {
          "cer": 0.04863173411021172,
          "wer": 0.10928225457595953
        },
        "eng": {
          "cer": 0.09716589497012786,
          "wer": 0.17910535226391422
        },
        "fra": {
          "cer": 0.06985406180504647,
          "wer": 0.18350422517399498
        },
        "hau": {
          "cer": 0.06927166517310164,
          "wer": 0.2461393592507109
        },
        "hin": {
          "cer": 0.1674193934332724,
          "wer": 0.306525588201757
        },
        "hrv": {
          "cer": 0.07349165722537192,
          "wer": 0.2583406481059976
        },
        "ind": {
          "cer": 0.025180164317460493,
          "wer": 0.08768811177244151
        },